aoi_yamamoto,cheers,Test1111,,,弊社サービスの開発業務をお願いします
aoi_yamamoto,cheers,Test1111,,,多数のプロジェクトに対応できるフロントエンドディベロッパー募集中！
aoi_yamamoto,cheers,Test1111,,,エステサイトをワードプレスで制作してください
appbee,aoi_yamamoto,Test1111,,,SNS、ホームページ、名刺などのアイコン・似顔絵を作成します
appbee,cool_noriko,Test1111,,,幅広い世代に伝わる漫画を制作します
bestone,fukuda,Test1111,,,英語翻訳・校正、専門分野対応可です
blueberry,cool_noriko,Test1111,,,視認性の高い【チラシ・フライヤー】を制作します
blueberry,gdink_lab,Test1111,,,高クオリティのオリジナル名刺を作成します
buleline,fukuda,Test1111,,,アニメのCV、動画のナレーションなどお任せください
cool_noriko,blueberry,Test1111,,,ホームページのロゴ制作の依頼です
cool_noriko,knaoya,Test1111,,,ブライダル記録・収録撮影のお仕事依頼
dai_maek,blueberry,Test1111,,,医療機器企業のwebサイトのバナー作成依頼
fukuda,smartking,Test1111,企業ホームページ作成のお仕事,Web制作・Webデザイン,企業ホームページ作成のお仕事
fukuda,smartking,Test1111,,,住宅産業メーカーサイトのデザイン改修
gdink_lab,fukuda,Test1111,,,当社サイトのランディングページ制作をお願いします。
ken_kimura,pro_works,Test1111,,,募集！UI/UXエンジニア・データベースエンジニア
ken_kimura,aoi_yamamoto,Test1111,,,【wordpress使える方限定】サイト更新作業
maekawa,buleline,Test1111,,,お部屋探し用の紹介TikTok動画の制作をお願いします
makedream,cool_noriko,Test1111,,,人物・動物など様々なイラスト制作致します
sakasita,gdink_lab,Test1111,,,LINEアニメーションスタンプ制作いたします
sakasita,fukuda,Test1111,,,高品質のクオリティーで動画の編集・作成いたします
sasaki7,aoi_yamamoto,Test1111,,,テープ起こし、文字起こし、おまかせください
takumi,cool_noriko,Test1111,,,オリジナル楽曲の制作承ります
yousuke_s,gdink_lab,Test1111,,,御社の経営の健康診断をおまかせください
